"TOA5","CR1000_PZ07","CR1000","E4521","CR1000.Std.32.05","CPU:pz07.CR1","1842","Horario"
"TIMESTAMP","RECORD","Nivel_m","Temp_C","Batt_V"
"TS","RN","m","Deg C","Volts"
"","","Smp","Smp","Min"
2025-09-15 00:00:00,4400,12.803,13.7,12.93
2025-09-15 01:00:00,4401,12.811,13.1,12.9
2025-09-15 02:00:00,4402,12.824,13.3,12.91
2025-09-15 03:00:00,4403,12.84,13.4,12.9
2025-09-15 04:00:00,4404,12.848,13.5,12.92
2025-09-15 05:00:00,4405,12.855,13.3,12.89
2025-09-15 06:00:00,4406,12.863,13.4,12.86
2025-09-15 07:00:00,4407,12.868,13.4,12.83
2025-09-15 08:00:00,4408,12.878,13.2,12.89
2025-09-15 09:00:00,4409,12.884,13.3,12.89
2025-09-15 10:00:00,4410,12.889,13.4,12.91
2025-09-15 11:00:00,4411,12.9,13.4,12.88
2025-09-15 12:00:00,4412,12.907,13.5,12.88
2025-09-15 13:00:00,4413,12.914,13.4,12.86
2025-09-15 14:00:00,4414,12.921,13.3,12.88
2025-09-15 15:00:00,4415,12.926,13.6,12.92
2025-09-15 16:00:00,4416,12.934,13.4,12.88
2025-09-15 17:00:00,4417,12.939,13.5,12.88
2025-09-15 18:00:00,4418,12.945,13.3,12.9
2025-09-15 19:00:00,4419,12.951,13.2,12.83
2025-09-15 20:00:00,4420,12.956,13.4,12.83
2025-09-15 21:00:00,4421,12.966,13.4,12.91
2025-09-15 22:00:00,4422,12.973,13.3,12.89
2025-09-15 23:00:00,4423,12.983,13.1,12.87
2025-09-16 00:00:00,4424,12.994,12.9,12.89
2025-09-16 01:00:00,4425,13.003,13.3,12.87
2025-09-16 02:00:00,4426,13.005,13.4,12.85
2025-09-16 03:00:00,4427,13.012,13.4,12.89
2025-09-16 04:00:00,4428,13.024,13.4,12.89
2025-09-16 05:00:00,4429,13.031,13.7,12.91
2025-09-16 06:00:00,4430,13.04,13.2,12.89
2025-09-16 07:00:00,4431,13.051,13.3,12.91
2025-09-16 08:00:00,4432,13.055,13.2,12.85
2025-09-16 09:00:00,4433,13.059,13.1,12.85
2025-09-16 10:00:00,4434,13.065,13.4,12.87
2025-09-16 11:00:00,4435,13.07,13.5,12.93
2025-09-16 12:00:00,4436,13.077,13.1,12.88
2025-09-16 13:00:00,4437,13.082,13.4,12.91
2025-09-16 14:00:00,4438,13.093,13.2,12.81
2025-09-16 15:00:00,4439,13.098,13.1,12.92
2025-09-16 16:00:00,4440,13.104,13.0,12.88
2025-09-16 17:00:00,4441,13.111,13.4,12.87
2025-09-16 18:00:00,4442,13.122,13.2,12.86
2025-09-16 19:00:00,4443,13.127,13.5,12.82
2025-09-16 20:00:00,4444,13.134,13.3,12.82
2025-09-16 21:00:00,4445,13.141,13.3,12.89
2025-09-16 22:00:00,4446,13.146,13.1,12.93
2025-09-16 23:00:00,4447,13.156,13.4,12.87
2025-09-17 00:00:00,4448,13.161,13.4,12.84
2025-09-17 01:00:00,4449,13.161,13.4,12.89
2025-09-17 02:00:00,4450,13.166,13.4,12.88
2025-09-17 03:00:00,4451,13.173,13.5,12.88
2025-09-17 04:00:00,4452,13.175,13.4,12.87
2025-09-17 05:00:00,4453,13.183,13.4,12.82
2025-09-17 06:00:00,4454,13.191,13.4,12.83
2025-09-17 07:00:00,4455,13.203,13.7,12.87
2025-09-17 08:00:00,4456,13.207,13.4,12.84
2025-09-17 09:00:00,4457,13.214,13.4,12.88
2025-09-17 10:00:00,4458,13.213,13.6,12.85
2025-09-17 11:00:00,4459,13.222,13.5,12.86
2025-09-17 12:00:00,4460,13.224,13.4,12.85
2025-09-17 13:00:00,4461,13.23,13.2,12.86
2025-09-17 14:00:00,4462,13.236,13.2,12.86
2025-09-17 15:00:00,4463,13.243,13.3,12.84
2025-09-17 16:00:00,4464,13.245,13.5,12.79
2025-09-17 17:00:00,4465,13.253,13.4,12.86
2025-09-17 18:00:00,4466,13.261,13.3,12.86
2025-09-17 19:00:00,4467,13.267,13.5,12.83
2025-09-17 20:00:00,4468,13.274,13.4,12.85
2025-09-17 21:00:00,4469,13.286,13.5,12.85
2025-09-17 22:00:00,4470,13.29,13.6,12.81
2025-09-17 23:00:00,4471,13.292,13.3,12.79
2025-09-18 00:00:00,4472,13.299,13.5,12.84
2025-09-18 01:00:00,4473,13.301,13.6,12.86
2025-09-18 02:00:00,4474,13.31,13.6,12.85
2025-09-18 03:00:00,4475,13.313,13.4,12.8
2025-09-18 04:00:00,4476,13.323,13.3,12.81
2025-09-18 05:00:00,4477,13.328,13.4,12.84
2025-09-18 06:00:00,4478,13.337,13.5,12.86
2025-09-18 07:00:00,4479,13.343,13.5,12.86
2025-09-18 08:00:00,4480,13.346,13.4,12.79
2025-09-18 09:00:00,4481,13.352,13.6,12.79
2025-09-18 10:00:00,4482,13.37,13.7,12.83
2025-09-18 11:00:00,4483,13.376,13.3,12.84
2025-09-18 12:00:00,4484,13.381,13.6,12.81
2025-09-18 13:00:00,4485,13.388,13.6,12.82
2025-09-18 14:00:00,4486,13.391,13.4,12.81
2025-09-18 15:00:00,4487,13.39,13.4,12.85
2025-09-18 16:00:00,4488,13.394,13.4,12.81
2025-09-18 17:00:00,4489,13.395,13.4,12.82
2025-09-18 18:00:00,4490,13.402,13.6,12.83
2025-09-18 19:00:00,4491,13.41,13.4,12.82
2025-09-18 20:00:00,4492,13.416,13.7,12.83
2025-09-18 21:00:00,4493,13.421,13.3,12.82
2025-09-18 22:00:00,4494,13.423,13.4,12.84
2025-09-18 23:00:00,4495,13.426,13.6,12.87
2025-09-19 00:00:00,4496,13.427,13.5,12.85
2025-09-19 01:00:00,4497,13.43,13.2,12.81
2025-09-19 02:00:00,4498,13.439,13.9,12.83
2025-09-19 03:00:00,4499,13.443,13.5,12.81
2025-09-19 04:00:00,4500,13.448,13.5,12.8
2025-09-19 05:00:00,4501,13.452,13.5,12.82
2025-09-19 06:00:00,4502,13.457,13.4,12.79
2025-09-19 07:00:00,4503,13.458,13.5,12.79
2025-09-19 08:00:00,4504,13.462,13.5,12.83
2025-09-19 09:00:00,4505,13.462,13.6,12.83
2025-09-19 10:00:00,4506,13.458,13.4,12.82
2025-09-19 11:00:00,4507,13.464,13.8,12.76
2025-09-19 12:00:00,4508,13.469,13.8,12.76
2025-09-19 13:00:00,4509,13.476,13.6,12.8
2025-09-19 14:00:00,4510,13.481,13.7,12.79
2025-09-19 15:00:00,4511,13.485,13.3,12.81
2025-09-19 16:00:00,4512,13.489,13.7,12.81
2025-09-19 17:00:00,4513,13.491,13.6,12.85
2025-09-19 18:00:00,4514,13.495,13.5,12.84
2025-09-19 19:00:00,4515,13.503,13.7,12.77
2025-09-19 20:00:00,4516,13.508,13.7,12.82
2025-09-19 21:00:00,4517,13.511,13.8,12.7
2025-09-19 22:00:00,4518,13.51,13.4,12.8
2025-09-19 23:00:00,4519,13.519,13.7,12.76
2025-09-20 00:00:00,4520,13.521,13.9,12.81
2025-09-20 01:00:00,4521,13.522,13.7,12.8
2025-09-20 02:00:00,4522,13.524,13.7,12.79
2025-09-20 03:00:00,4523,13.529,13.7,12.81
2025-09-20 04:00:00,4524,13.53,13.8,12.83
2025-09-20 05:00:00,4525,13.533,13.9,12.79
2025-09-20 06:00:00,4526,13.534,13.9,12.76
2025-09-20 07:00:00,4527,13.534,13.7,12.8
2025-09-20 08:00:00,4528,13.533,13.7,12.82
2025-09-20 09:00:00,4529,13.539,13.9,12.81
2025-09-20 10:00:00,4530,13.536,13.8,12.79
2025-09-20 11:00:00,4531,13.537,13.4,12.79
2025-09-20 12:00:00,4532,13.539,13.8,12.81
2025-09-20 13:00:00,4533,13.544,13.8,12.75
2025-09-20 14:00:00,4534,13.55,13.7,12.76
2025-09-20 15:00:00,4535,13.548,14.0,12.77
2025-09-20 16:00:00,4536,13.548,14.0,12.82
2025-09-20 17:00:00,4537,13.553,13.9,12.77
2025-09-20 18:00:00,4538,13.553,13.8,12.72
2025-09-20 19:00:00,4539,13.556,13.8,12.81
2025-09-20 20:00:00,4540,13.555,14.0,12.81
2025-09-20 21:00:00,4541,13.559,13.7,12.75
2025-09-20 22:00:00,4542,13.564,14.0,12.77
2025-09-20 23:00:00,4543,13.562,13.8,12.81
2025-09-21 00:00:00,4544,13.56,14.0,12.74
2025-09-21 01:00:00,4545,13.562,13.9,12.79
2025-09-21 02:00:00,4546,13.559,14.0,12.79
2025-09-21 03:00:00,4547,13.557,14.1,12.82
2025-09-21 04:00:00,4548,13.562,13.9,12.77
2025-09-21 05:00:00,4549,13.562,14.1,12.81
2025-09-21 06:00:00,4550,13.559,14.0,12.76
2025-09-21 07:00:00,4551,13.558,14.2,12.8
2025-09-21 08:00:00,4552,13.56,14.2,12.77
2025-09-21 09:00:00,4553,13.56,14.3,12.75
2025-09-21 10:00:00,4554,13.556,13.9,12.76
2025-09-21 11:00:00,4555,13.552,14.3,12.78
2025-09-21 12:00:00,4556,13.556,14.2,12.82
2025-09-21 13:00:00,4557,13.559,14.1,12.75
2025-09-21 14:00:00,4558,13.561,14.1,12.82
2025-09-21 15:00:00,4559,13.558,14.1,12.79
2025-09-21 16:00:00,4560,13.554,14.0,12.81
2025-09-21 17:00:00,4561,13.555,14.1,12.8
2025-09-21 18:00:00,4562,13.556,14.1,12.75
2025-09-21 19:00:00,4563,13.556,14.3,12.79
2025-09-21 20:00:00,4564,13.558,14.2,12.81
2025-09-21 21:00:00,4565,13.558,14.3,12.72
2025-09-21 22:00:00,4566,13.554,14.2,12.74
2025-09-21 23:00:00,4567,13.56,13.9,12.77
2025-09-22 00:00:00,4568,13.561,14.2,12.74
2025-09-22 01:00:00,4569,13.563,14.3,12.72
2025-09-22 02:00:00,4570,13.563,14.2,12.74
2025-09-22 03:00:00,4571,13.563,14.2,12.75
2025-09-22 04:00:00,4572,13.564,14.2,12.79
2025-09-22 05:00:00,4573,13.562,14.1,12.76
2025-09-22 06:00:00,4574,13.565,14.3,12.76
2025-09-22 07:00:00,4575,13.568,14.3,12.75
2025-09-22 08:00:00,4576,13.567,14.3,12.72
2025-09-22 09:00:00,4577,13.566,14.1,12.76
2025-09-22 10:00:00,4578,13.559,14.4,12.76
2025-09-22 11:00:00,4579,13.559,14.4,12.85
2025-09-22 12:00:00,4580,13.559,14.0,12.75
2025-09-22 13:00:00,4581,13.557,14.3,12.76
2025-09-22 14:00:00,4582,13.56,13.9,12.74
2025-09-22 15:00:00,4583,13.556,14.4,12.76
2025-09-22 16:00:00,4584,13.556,14.3,12.74
2025-09-22 17:00:00,4585,13.554,14.2,12.73
2025-09-22 18:00:00,4586,13.549,14.2,12.7
2025-09-22 19:00:00,4587,13.548,14.4,12.73
2025-09-22 20:00:00,4588,13.547,14.3,12.69
2025-09-22 21:00:00,4589,13.543,14.2,12.76
2025-09-22 22:00:00,4590,13.543,14.3,12.75
2025-09-22 23:00:00,4591,13.54,14.3,12.73
2025-09-23 00:00:00,4592,13.541,14.3,12.74
2025-09-23 01:00:00,4593,13.541,14.5,12.71
2025-09-23 02:00:00,4594,13.538,14.4,12.71
2025-09-23 03:00:00,4595,13.536,14.4,12.7
2025-09-23 04:00:00,4596,13.53,14.3,12.74
2025-09-23 05:00:00,4597,13.529,14.5,12.74
2025-09-23 06:00:00,4598,13.526,14.4,12.7
2025-09-23 07:00:00,4599,13.52,14.3,12.75
2025-09-23 08:00:00,4600,13.521,14.6,12.74
2025-09-23 09:00:00,4601,13.517,14.5,12.73
2025-09-23 10:00:00,4602,13.516,14.9,12.8
2025-09-23 11:00:00,4603,13.514,14.7,12.74
2025-09-23 12:00:00,4604,13.508,14.6,12.77
2025-09-23 13:00:00,4605,13.503,14.5,12.74
2025-09-23 14:00:00,4606,13.5,14.6,12.73
2025-09-23 15:00:00,4607,13.493,14.5,12.73
2025-09-23 16:00:00,4608,13.493,14.5,12.74
2025-09-23 17:00:00,4609,13.489,14.5,12.75
2025-09-23 18:00:00,4610,13.488,14.6,12.72
2025-09-23 19:00:00,4611,13.482,14.6,12.73
2025-09-23 20:00:00,4612,13.476,14.8,12.71
2025-09-23 21:00:00,4613,13.473,14.7,12.71
2025-09-23 22:00:00,4614,13.469,14.4,12.79
2025-09-23 23:00:00,4615,13.465,14.5,12.73
2025-09-24 00:00:00,4616,13.466,14.7,12.72
2025-09-24 01:00:00,4617,13.465,14.4,12.7
2025-09-24 02:00:00,4618,13.459,14.8,12.74
2025-09-24 03:00:00,4619,13.453,14.9,12.71
2025-09-24 04:00:00,4620,13.448,14.8,12.75
2025-09-24 05:00:00,4621,13.444,14.7,12.76
2025-09-24 06:00:00,4622,13.439,14.9,12.77
2025-09-24 07:00:00,4623,13.44,14.5,12.72
2025-09-24 08:00:00,4624,13.437,15.0,12.69
2025-09-24 09:00:00,4625,13.433,14.8,12.7
2025-09-24 10:00:00,4626,13.432,14.8,12.69
2025-09-24 11:00:00,4627,13.424,14.8,12.67
2025-09-24 12:00:00,4628,13.418,14.9,12.73
2025-09-24 13:00:00,4629,13.415,14.9,12.71
2025-09-24 14:00:00,4630,13.413,14.7,12.73
2025-09-24 15:00:00,4631,13.407,14.7,12.71
2025-09-24 16:00:00,4632,13.402,14.9,12.68
2025-09-24 17:00:00,4633,13.4,15.0,12.71
2025-09-24 18:00:00,4634,13.397,14.9,12.7
2025-09-24 19:00:00,4635,13.391,14.7,12.78
2025-09-24 20:00:00,4636,13.387,14.8,12.71
2025-09-24 21:00:00,4637,13.386,14.9,12.74
2025-09-24 22:00:00,4638,13.375,14.8,12.68
2025-09-24 23:00:00,4639,13.375,15.1,12.73
2025-09-25 00:00:00,4640,13.379,14.8,12.72
2025-09-25 01:00:00,4641,13.37,14.9,12.73
2025-09-25 02:00:00,4642,13.368,14.9,12.74
2025-09-25 03:00:00,4643,13.363,14.7,12.69
2025-09-25 04:00:00,4644,13.361,14.8,12.7
2025-09-25 05:00:00,4645,13.357,14.9,12.71
2025-09-25 06:00:00,4646,13.356,14.7,12.75
2025-09-25 07:00:00,4647,13.351,15.1,12.66
2025-09-25 08:00:00,4648,13.35,15.3,12.68
2025-09-25 09:00:00,4649,13.339,14.8,12.73
2025-09-25 10:00:00,4650,13.331,15.0,12.69
2025-09-25 11:00:00,4651,13.328,15.0,12.68
2025-09-25 12:00:00,4652,13.312,15.0,12.7
2025-09-25 13:00:00,4653,13.308,15.2,12.69
2025-09-25 14:00:00,4654,13.304,15.0,12.64
2025-09-25 15:00:00,4655,13.297,15.0,12.73
2025-09-25 16:00:00,4656,13.293,14.7,12.71
2025-09-25 17:00:00,4657,13.291,14.8,12.7
2025-09-25 18:00:00,4658,13.288,15.1,12.72
2025-09-25 19:00:00,4659,13.281,14.9,12.69
2025-09-25 20:00:00,4660,13.277,15.2,12.67
2025-09-25 21:00:00,4661,13.271,15.0,12.72
2025-09-25 22:00:00,4662,13.27,15.0,12.69
2025-09-25 23:00:00,4663,13.268,15.0,12.63
2025-09-26 00:00:00,4664,13.261,15.5,12.69
2025-09-26 01:00:00,4665,13.254,15.1,12.7
2025-09-26 02:00:00,4666,13.25,15.1,12.72
2025-09-26 03:00:00,4667,13.237,15.3,12.68
2025-09-26 04:00:00,4668,13.238,15.1,12.7
2025-09-26 05:00:00,4669,13.235,15.3,12.68
2025-09-26 06:00:00,4670,13.233,15.2,12.66
2025-09-26 07:00:00,4671,13.224,15.0,12.63
2025-09-26 08:00:00,4672,13.22,15.3,12.68
2025-09-26 09:00:00,4673,13.214,15.2,12.63
2025-09-26 10:00:00,4674,13.204,15.3,12.72
2025-09-26 11:00:00,4675,13.196,15.1,12.72
2025-09-26 12:00:00,4676,13.188,15.2,12.65
2025-09-26 13:00:00,4677,13.18,15.4,12.7
2025-09-26 14:00:00,4678,13.173,15.1,12.66
2025-09-26 15:00:00,4679,13.167,15.4,12.69
2025-09-26 16:00:00,4680,13.158,15.2,12.72
2025-09-26 17:00:00,4681,13.152,15.3,12.71
2025-09-26 18:00:00,4682,13.14,15.2,12.65
2025-09-26 19:00:00,4683,13.136,15.2,12.71
2025-09-26 20:00:00,4684,13.131,15.5,12.67
2025-09-26 21:00:00,4685,13.119,15.2,12.65
2025-09-26 22:00:00,4686,13.109,15.4,12.63
2025-09-26 23:00:00,4687,13.102,15.3,12.6
2025-09-27 00:00:00,4688,13.09,15.1,12.65
2025-09-27 01:00:00,4689,13.082,15.2,12.69
2025-09-27 02:00:00,4690,13.076,15.3,12.68
2025-09-27 03:00:00,4691,13.067,15.2,12.62
2025-09-27 04:00:00,4692,13.062,15.2,12.75
2025-09-27 05:00:00,4693,13.054,15.3,12.65
2025-09-27 06:00:00,4694,13.051,15.3,12.57
2025-09-27 07:00:00,4695,13.043,15.5,12.71
2025-09-27 08:00:00,4696,13.036,15.2,12.66
2025-09-27 09:00:00,4697,13.037,15.1,12.7
2025-09-27 10:00:00,4698,13.028,15.2,12.71
2025-09-27 11:00:00,4699,13.019,15.5,12.65
2025-09-27 12:00:00,4700,13.012,15.5,12.63
2025-09-27 13:00:00,4701,13.006,15.3,12.66
2025-09-27 14:00:00,4702,13.002,15.5,12.63
2025-09-27 15:00:00,4703,12.995,15.4,12.69
2025-09-27 16:00:00,4704,12.988,15.7,12.68
2025-09-27 17:00:00,4705,12.98,15.5,12.61
2025-09-27 18:00:00,4706,12.972,15.4,12.64
2025-09-27 19:00:00,4707,12.959,15.3,12.62
2025-09-27 20:00:00,4708,12.948,15.6,12.64
2025-09-27 21:00:00,4709,12.941,15.2,12.63
2025-09-27 22:00:00,4710,12.94,15.6,12.6
2025-09-27 23:00:00,4711,12.93,15.7,12.66
2025-09-28 00:00:00,4712,12.918,15.5,12.68
2025-09-28 01:00:00,4713,12.906,15.6,12.68
2025-09-28 02:00:00,4714,12.9,15.4,12.63
2025-09-28 03:00:00,4715,12.89,15.4,12.66
2025-09-28 04:00:00,4716,12.886,15.4,12.66
2025-09-28 05:00:00,4717,12.882,15.4,12.68
2025-09-28 06:00:00,4718,12.874,16.0,12.64
2025-09-28 07:00:00,4719,12.87,15.5,12.69
2025-09-28 08:00:00,4720,12.862,15.5,12.67
2025-09-28 09:00:00,4721,12.856,15.5,12.65
2025-09-28 10:00:00,4722,12.844,15.6,12.68
2025-09-28 11:00:00,4723,12.83,15.4,12.62
2025-09-28 12:00:00,4724,12.824,15.5,12.67
2025-09-28 13:00:00,4725,12.817,15.5,12.62
2025-09-28 14:00:00,4726,12.807,15.8,12.6
2025-09-28 15:00:00,4727,12.798,15.4,12.59
2025-09-28 16:00:00,4728,12.792,16.0,12.62
2025-09-28 17:00:00,4729,12.782,15.6,12.63
2025-09-28 18:00:00,4730,12.777,15.6,12.67
2025-09-28 19:00:00,4731,12.771,15.7,12.69
2025-09-28 20:00:00,4732,12.765,15.7,12.62
2025-09-28 21:00:00,4733,12.755,15.7,12.66
2025-09-28 22:00:00,4734,12.744,15.5,12.65
2025-09-28 23:00:00,4735,12.73,15.4,12.66
2025-09-29 00:00:00,4736,12.723,15.8,12.63
2025-09-29 01:00:00,4737,12.716,15.7,12.65
2025-09-29 02:00:00,4738,12.71,15.7,12.56
2025-09-29 03:00:00,4739,12.705,15.8,12.64
2025-09-29 04:00:00,4740,12.703,15.6,12.66
2025-09-29 05:00:00,4741,12.698,15.5,12.61
2025-09-29 06:00:00,4742,12.693,15.7,12.63
2025-09-29 07:00:00,4743,12.684,15.6,12.62
2025-09-29 08:00:00,4744,12.679,15.4,12.64
2025-09-29 09:00:00,4745,12.671,15.8,12.71
2025-09-29 10:00:00,4746,12.658,15.4,12.66
2025-09-29 11:00:00,4747,12.648,15.7,12.61
2025-09-29 12:00:00,4748,12.644,15.8,12.65
2025-09-29 13:00:00,4749,12.635,15.4,12.62
2025-09-29 14:00:00,4750,12.629,15.6,12.62
2025-09-29 15:00:00,4751,12.62,15.6,12.65
2025-09-29 16:00:00,4752,12.609,16.0,12.62
2025-09-29 17:00:00,4753,12.599,16.0,12.63
2025-09-29 18:00:00,4754,12.591,15.7,12.61
2025-09-29 19:00:00,4755,12.582,15.8,12.56
2025-09-29 20:00:00,4756,12.57,15.7,12.64
2025-09-29 21:00:00,4757,12.561,15.6,12.63
2025-09-29 22:00:00,4758,12.554,15.5,12.62
2025-09-29 23:00:00,4759,12.543,15.9,12.61
2025-09-30 00:00:00,4760,12.535,15.5,12.57
2025-09-30 01:00:00,4761,12.518,15.5,12.62
2025-09-30 02:00:00,4762,12.505,15.7,12.55
2025-09-30 03:00:00,4763,12.496,15.7,12.63
2025-09-30 04:00:00,4764,12.489,15.7,12.65
2025-09-30 05:00:00,4765,12.479,15.8,12.6
2025-09-30 06:00:00,4766,12.471,15.9,12.59
2025-09-30 07:00:00,4767,12.464,15.6,12.61
2025-09-30 08:00:00,4768,12.461,15.6,12.59
2025-09-30 09:00:00,4769,12.46,15.5,12.59
2025-09-30 10:00:00,4770,12.455,15.4,12.58
2025-09-30 11:00:00,4771,12.448,15.5,12.63
2025-09-30 12:00:00,4772,12.438,16.0,12.6
2025-09-30 13:00:00,4773,12.43,15.4,12.59
2025-09-30 14:00:00,4774,12.416,15.9,12.59
2025-09-30 15:00:00,4775,12.412,15.8,12.58
2025-09-30 16:00:00,4776,12.407,15.8,12.55
2025-09-30 17:00:00,4777,12.398,15.9,12.64
2025-09-30 18:00:00,4778,12.389,15.9,12.61
2025-09-30 19:00:00,4779,12.379,15.7,12.56
2025-09-30 20:00:00,4780,12.372,15.6,12.61
2025-09-30 21:00:00,4781,12.363,15.7,12.6
2025-09-30 22:00:00,4782,12.356,15.7,12.6
2025-09-30 23:00:00,4783,12.342,15.4,12.6
2025-10-01 00:00:00,4784,12.328,15.6,12.61
2025-10-01 01:00:00,4785,12.321,15.7,12.6
2025-10-01 02:00:00,4786,12.316,15.7,12.59
2025-10-01 03:00:00,4787,12.305,15.6,12.61
2025-10-01 04:00:00,4788,12.295,15.7,12.64
2025-10-01 05:00:00,4789,12.287,15.9,12.62
2025-10-01 06:00:00,4790,12.28,15.4,12.61
2025-10-01 07:00:00,4791,12.274,15.8,12.57
2025-10-01 08:00:00,4792,12.26,15.6,12.6
2025-10-01 09:00:00,4793,12.252,15.5,12.61
2025-10-01 10:00:00,4794,12.24,15.6,12.57
2025-10-01 11:00:00,4795,12.224,15.6,12.64
2025-10-01 12:00:00,4796,12.212,15.9,12.63
2025-10-01 13:00:00,4797,12.199,15.5,12.6
2025-10-01 14:00:00,4798,12.191,15.7,12.61
2025-10-01 15:00:00,4799,12.18,15.8,12.58
2025-10-01 16:00:00,4800,12.175,15.3,12.6
2025-10-01 17:00:00,4801,12.162,15.5,12.6
2025-10-01 18:00:00,4802,12.159,15.9,12.58
2025-10-01 19:00:00,4803,12.152,15.6,12.58
2025-10-01 20:00:00,4804,12.145,15.8,12.58
2025-10-01 21:00:00,4805,12.14,15.7,12.58
2025-10-01 22:00:00,4806,12.13,15.9,12.55
2025-10-01 23:00:00,4807,12.122,15.6,12.55
2025-10-02 00:00:00,4808,12.114,15.8,12.56
2025-10-02 01:00:00,4809,12.1,15.6,12.6
2025-10-02 02:00:00,4810,12.094,15.9,12.55
2025-10-02 03:00:00,4811,12.088,15.5,12.59
2025-10-02 04:00:00,4812,12.076,15.5,12.56
2025-10-02 05:00:00,4813,12.063,15.6,12.58
2025-10-02 06:00:00,4814,12.053,15.4,12.58
2025-10-02 07:00:00,4815,12.041,15.4,12.57
2025-10-02 08:00:00,4816,12.03,15.6,12.52
2025-10-02 09:00:00,4817,12.028,15.7,12.6
2025-10-02 10:00:00,4818,12.018,15.3,12.61
2025-10-02 11:00:00,4819,12.01,15.8,12.59
2025-10-02 12:00:00,4820,12.003,15.9,12.6
2025-10-02 13:00:00,4821,11.993,15.5,12.57
2025-10-02 14:00:00,4822,11.986,15.5,12.55
2025-10-02 15:00:00,4823,11.974,15.8,12.53
2025-10-02 16:00:00,4824,11.969,15.9,12.58
2025-10-02 17:00:00,4825,11.963,15.7,12.56
2025-10-02 18:00:00,4826,11.957,15.3,12.55
2025-10-02 19:00:00,4827,11.948,15.9,12.58
2025-10-02 20:00:00,4828,11.94,15.6,12.57
2025-10-02 21:00:00,4829,11.931,15.7,12.56
2025-10-02 22:00:00,4830,11.929,15.6,12.5
2025-10-02 23:00:00,4831,11.925,15.7,12.51
2025-10-03 00:00:00,4832,11.918,15.6,12.58
2025-10-03 01:00:00,4833,11.914,15.4,12.53
2025-10-03 02:00:00,4834,11.908,15.5,12.57
2025-10-03 03:00:00,4835,11.903,15.6,12.55
2025-10-03 04:00:00,4836,11.899,15.6,12.57
2025-10-03 05:00:00,4837,11.889,15.5,12.58
2025-10-03 06:00:00,4838,11.881,15.8,12.5
2025-10-03 07:00:00,4839,11.873,15.6,12.64
2025-10-03 08:00:00,4840,11.87,15.5,12.6
2025-10-03 09:00:00,4841,11.863,15.5,12.52
2025-10-03 10:00:00,4842,11.854,15.6,12.58
2025-10-03 11:00:00,4843,11.846,15.4,12.56
2025-10-03 12:00:00,4844,11.842,15.6,12.54
2025-10-03 13:00:00,4845,11.833,15.3,12.56
2025-10-03 14:00:00,4846,11.824,15.2,12.49
2025-10-03 15:00:00,4847,11.816,15.5,12.54
2025-10-03 16:00:00,4848,11.817,15.6,12.52
2025-10-03 17:00:00,4849,11.809,15.6,12.53
2025-10-03 18:00:00,4850,11.806,15.4,12.59
2025-10-03 19:00:00,4851,11.801,15.5,12.56
2025-10-03 20:00:00,4852,11.795,15.7,12.49
2025-10-03 21:00:00,4853,11.792,15.4,12.58
2025-10-03 22:00:00,4854,11.789,15.5,12.55
2025-10-03 23:00:00,4855,11.784,15.5,12.53
2025-10-04 00:00:00,4856,11.779,15.5,12.47
2025-10-04 01:00:00,4857,11.775,15.5,12.55
2025-10-04 02:00:00,4858,11.768,15.7,12.53
2025-10-04 03:00:00,4859,11.762,15.5,12.53
2025-10-04 04:00:00,4860,11.756,15.4,12.48
2025-10-04 05:00:00,4861,11.747,15.6,12.46
2025-10-04 06:00:00,4862,11.747,15.5,12.5
2025-10-04 07:00:00,4863,11.74,15.5,12.6
2025-10-04 08:00:00,4864,11.734,15.2,12.52
2025-10-04 09:00:00,4865,11.732,15.5,12.55
2025-10-04 10:00:00,4866,11.727,15.5,12.54
2025-10-04 11:00:00,4867,11.724,15.3,12.53
2025-10-04 12:00:00,4868,11.719,15.8,12.5
2025-10-04 13:00:00,4869,11.716,15.4,12.55
2025-10-04 14:00:00,4870,11.707,15.3,12.47
2025-10-04 15:00:00,4871,11.703,15.4,12.55
2025-10-04 16:00:00,4872,11.693,15.5,12.5
2025-10-04 17:00:00,4873,11.691,15.3,12.58
2025-10-04 18:00:00,4874,11.685,15.4,12.54
2025-10-04 19:00:00,4875,11.679,15.5,12.51
2025-10-04 20:00:00,4876,11.673,15.3,12.53
2025-10-04 21:00:00,4877,11.671,15.4,12.52
2025-10-04 22:00:00,4878,11.661,15.3,12.49
2025-10-04 23:00:00,4879,11.66,15.3,12.52
2025-10-05 00:00:00,4880,11.658,15.2,12.54
2025-10-05 01:00:00,4881,11.652,15.0,12.56
2025-10-05 02:00:00,4882,11.652,15.4,12.52
2025-10-05 03:00:00,4883,11.647,15.3,12.5
2025-10-05 04:00:00,4884,11.644,15.3,12.45
2025-10-05 05:00:00,4885,11.639,15.3,12.45
2025-10-05 06:00:00,4886,11.636,15.3,12.53
2025-10-05 07:00:00,4887,11.634,15.3,12.5
2025-10-05 08:00:00,4888,11.628,15.2,12.47
2025-10-05 09:00:00,4889,11.624,15.3,12.49
2025-10-05 10:00:00,4890,11.617,15.2,12.52
2025-10-05 11:00:00,4891,11.611,15.2,12.48
2025-10-05 12:00:00,4892,11.611,15.3,12.55
2025-10-05 13:00:00,4893,11.607,15.5,12.51
2025-10-05 14:00:00,4894,11.603,15.3,12.56
2025-10-05 15:00:00,4895,11.6,15.2,12.54
2025-10-05 16:00:00,4896,11.597,15.4,12.47
2025-10-05 17:00:00,4897,11.59,15.1,12.51
2025-10-05 18:00:00,4898,11.587,15.2,12.52
2025-10-05 19:00:00,4899,11.583,15.0,12.49
2025-10-05 20:00:00,4900,11.579,14.8,12.5
2025-10-05 21:00:00,4901,11.577,15.1,12.54
2025-10-05 22:00:00,4902,11.578,14.9,12.46
2025-10-05 23:00:00,4903,11.571,15.4,12.43
2025-10-10 00:00:00,5000,11.539,14.3,12.43
2025-10-10 01:00:00,5001,11.544,14.2,12.46
2025-10-10 02:00:00,5002,11.548,13.9,12.43
2025-10-10 03:00:00,5003,11.554,13.9,12.42
2025-10-10 04:00:00,5004,11.559,13.9,12.44
2025-10-10 05:00:00,5005,11.556,14.1,12.43
2025-10-10 06:00:00,5006,11.559,13.9,12.42
2025-10-10 07:00:00,5007,11.563,14.1,12.42
2025-10-10 08:00:00,5008,11.567,14.1,12.41
2025-10-10 09:00:00,5009,11.571,14.0,12.39
2025-10-10 10:00:00,5010,11.571,13.9,12.47
2025-10-10 11:00:00,5011,11.571,14.1,12.44
2025-10-10 12:00:00,5012,11.575,14.2,12.45
2025-10-10 13:00:00,5013,11.578,14.0,12.51
2025-10-10 14:00:00,5014,11.583,13.9,12.38
2025-10-10 15:00:00,5015,11.581,14.0,12.39
2025-10-10 16:00:00,5016,11.583,14.0,12.38
2025-10-10 17:00:00,5017,11.585,13.9,12.39
2025-10-10 18:00:00,5018,11.589,14.1,12.48
2025-10-10 19:00:00,5019,11.588,14.1,12.43
2025-10-10 20:00:00,5020,11.591,13.8,12.29
2025-10-10 21:00:00,5021,11.594,14.1,12.37
2025-10-10 22:00:00,5022,11.594,14.0,12.39
2025-10-10 23:00:00,5023,11.606,14.0,12.37
2025-10-11 00:00:00,5024,11.607,13.9,12.44
2025-10-11 01:00:00,5025,11.611,13.9,12.39
2025-10-11 02:00:00,5026,11.617,13.8,12.38
2025-10-11 03:00:00,5027,11.619,13.9,12.37
2025-10-11 04:00:00,5028,11.623,13.8,12.41
2025-10-11 05:00:00,5029,11.627,13.9,12.42
2025-10-11 06:00:00,5030,11.631,13.9,12.42
2025-10-11 07:00:00,5031,11.633,14.1,12.37
2025-10-11 08:00:00,5032,11.639,13.7,12.4
2025-10-11 09:00:00,5033,11.643,13.6,12.4
2025-10-11 10:00:00,5034,11.648,13.9,12.39
2025-10-11 11:00:00,5035,11.648,13.6,12.39
2025-10-11 12:00:00,5036,11.656,13.9,12.42
2025-10-11 13:00:00,5037,11.666,13.7,12.42
2025-10-11 14:00:00,5038,11.671,13.6,12.37
2025-10-11 15:00:00,5039,11.675,13.6,12.37
2025-10-11 16:00:00,5040,11.674,13.6,12.44
2025-10-11 17:00:00,5041,11.679,14.1,12.42
2025-10-11 18:00:00,5042,11.686,13.8,12.38
2025-10-11 19:00:00,5043,11.687,13.6,12.4
2025-10-11 20:00:00,5044,11.698,13.7,12.33
2025-10-11 21:00:00,5045,11.703,13.8,12.38
2025-10-11 22:00:00,5046,11.705,13.6,12.47
2025-10-11 23:00:00,5047,11.712,13.8,12.43
2025-10-12 00:00:00,5048,11.717,13.7,12.41
2025-10-12 01:00:00,5049,11.723,13.7,12.35
2025-10-12 02:00:00,5050,11.733,13.7,12.38
2025-10-12 03:00:00,5051,11.735,13.7,12.42
2025-10-12 04:00:00,5052,11.738,13.5,12.35
2025-10-12 05:00:00,5053,11.744,13.3,12.33
2025-10-12 06:00:00,5054,11.75,13.6,12.37
2025-10-12 07:00:00,5055,11.751,13.5,12.44
2025-10-12 08:00:00,5056,11.757,13.6,12.3
2025-10-12 09:00:00,5057,11.757,13.5,12.35
2025-10-12 10:00:00,5058,11.761,13.7,12.31
2025-10-12 11:00:00,5059,11.765,13.6,12.36
2025-10-12 12:00:00,5060,11.774,13.6,12.35
2025-10-12 13:00:00,5061,11.781,14.0,12.33
2025-10-12 14:00:00,5062,11.79,13.6,12.42
2025-10-12 15:00:00,5063,11.788,13.4,12.38
2025-10-12 16:00:00,5064,11.791,13.1,12.38
2025-10-12 17:00:00,5065,11.804,13.6,12.4
2025-10-12 18:00:00,5066,11.807,13.5,12.35
2025-10-12 19:00:00,5067,11.812,13.3,12.3
2025-10-12 20:00:00,5068,11.814,13.5,12.35
2025-10-12 21:00:00,5069,11.819,13.6,12.4
2025-10-12 22:00:00,5070,11.825,13.5,12.38
2025-10-12 23:00:00,5071,11.826,13.6,12.39
2025-10-13 00:00:00,5072,11.829,13.5,12.39
2025-10-13 01:00:00,5073,11.839,13.4,12.38
2025-10-13 02:00:00,5074,11.845,13.5,12.36
2025-10-13 03:00:00,5075,11.846,13.4,12.4
2025-10-13 04:00:00,5076,11.859,13.5,12.37
2025-10-13 05:00:00,5077,11.864,13.6,12.34
2025-10-13 06:00:00,5078,11.867,13.4,12.36
2025-10-13 07:00:00,5079,11.873,13.4,12.35
2025-10-13 08:00:00,5080,11.884,13.8,12.33
2025-10-13 09:00:00,5081,11.899,13.4,12.36
2025-10-13 10:00:00,5082,11.904,13.4,12.33
2025-10-13 11:00:00,5083,11.909,13.7,12.36
2025-10-13 12:00:00,5084,11.919,13.4,12.31
2025-10-13 13:00:00,5085,11.928,13.2,12.36
2025-10-13 14:00:00,5086,11.925,13.6,12.33
2025-10-13 15:00:00,5087,11.93,13.5,12.35
2025-10-13 16:00:00,5088,11.935,13.4,12.35
2025-10-13 17:00:00,5089,11.943,13.6,12.37
2025-10-13 18:00:00,5090,11.949,13.5,12.33
2025-10-13 19:00:00,5091,11.957,13.2,12.41
2025-10-13 20:00:00,5092,11.966,13.6,12.37
2025-10-13 21:00:00,5093,11.968,13.4,12.32
2025-10-13 22:00:00,5094,11.975,13.4,12.36
2025-10-13 23:00:00,5095,11.986,13.5,12.33
2025-10-14 00:00:00,5096,11.988,13.4,12.29
2025-10-14 01:00:00,5097,11.992,13.4,12.35
2025-10-14 02:00:00,5098,12.001,13.3,12.34
2025-10-14 03:00:00,5099,12.01,13.2,12.3
2025-10-14 04:00:00,5100,12.014,13.4,12.34
2025-10-14 05:00:00,5101,12.02,13.4,12.36
2025-10-14 06:00:00,5102,12.025,13.4,12.4
2025-10-14 07:00:00,5103,12.034,13.2,12.34
2025-10-14 08:00:00,5104,12.044,13.5,12.36
2025-10-14 09:00:00,5105,12.052,13.4,12.33
2025-10-14 10:00:00,5106,12.06,13.1,12.27
2025-10-14 11:00:00,5107,12.067,13.1,12.33
2025-10-14 12:00:00,5108,12.071,13.5,12.32
2025-10-14 13:00:00,5109,12.081,13.5,12.34
2025-10-14 14:00:00,5110,12.088,13.3,12.4
2025-10-14 15:00:00,5111,12.099,13.1,12.36
2025-10-14 16:00:00,5112,12.109,13.4,12.35
2025-10-14 17:00:00,5113,12.117,13.4,12.32
2025-10-14 18:00:00,5114,12.131,13.4,12.34
2025-10-14 19:00:00,5115,12.14,13.4,12.27
2025-10-14 20:00:00,5116,12.147,13.1,12.33
2025-10-14 21:00:00,5117,12.16,13.5,12.35
2025-10-14 22:00:00,5118,12.163,13.4,12.3
2025-10-14 23:00:00,5119,12.175,13.5,12.32
2025-10-15 00:00:00,5120,12.184,13.4,12.31
2025-10-15 01:00:00,5121,12.192,13.1,12.31
2025-10-15 02:00:00,5122,12.195,13.2,12.3
2025-10-15 03:00:00,5123,12.209,13.1,12.28
2025-10-15 04:00:00,5124,12.219,13.4,12.3
2025-10-15 05:00:00,5125,12.222,13.4,12.3
2025-10-15 06:00:00,5126,12.226,13.2,12.34
2025-10-15 07:00:00,5127,12.23,13.1,12.32
2025-10-15 08:00:00,5128,12.236,13.4,12.33
2025-10-15 09:00:00,5129,12.244,13.2,12.33
2025-10-15 10:00:00,5130,12.251,12.9,12.33
2025-10-15 11:00:00,5131,12.257,13.4,12.33
2025-10-15 12:00:00,5132,12.264,13.4,12.31
2025-10-15 13:00:00,5133,12.271,13.2,12.3
2025-10-15 14:00:00,5134,12.28,13.2,12.31
2025-10-15 15:00:00,5135,12.294,13.4,12.32
2025-10-15 16:00:00,5136,12.301,13.1,12.33
2025-10-15 17:00:00,5137,12.31,13.5,12.3
2025-10-15 18:00:00,5138,12.317,13.5,12.33
2025-10-15 19:00:00,5139,12.323,13.7,12.3
2025-10-15 20:00:00,5140,12.33,13.3,12.29
2025-10-15 21:00:00,5141,12.336,13.3,12.31
2025-10-15 22:00:00,5142,12.342,13.4,12.31
2025-10-15 23:00:00,5143,12.357,13.0,12.31
2025-10-16 00:00:00,5144,12.373,13.1,12.28
2025-10-16 01:00:00,5145,12.381,13.4,12.27
2025-10-16 02:00:00,5146,12.385,13.2,12.32
2025-10-16 03:00:00,5147,12.388,13.1,12.29
2025-10-16 04:00:00,5148,12.394,13.2,12.29
2025-10-16 05:00:00,5149,12.4,13.4,12.29
2025-10-16 06:00:00,5150,12.411,13.4,12.28
2025-10-16 07:00:00,5151,12.417,13.5,12.28
2025-10-16 08:00:00,5152,12.426,13.2,12.31
2025-10-16 09:00:00,5153,12.436,13.4,12.34
2025-10-16 10:00:00,5154,12.44,13.4,12.28
2025-10-16 11:00:00,5155,12.45,13.3,12.26
2025-10-16 12:00:00,5156,12.45,13.3,12.29
2025-10-16 13:00:00,5157,12.462,13.2,12.29
2025-10-16 14:00:00,5158,12.472,13.1,12.31
2025-10-16 15:00:00,5159,12.474,13.2,12.3
2025-10-16 16:00:00,5160,12.483,13.2,12.29
2025-10-16 17:00:00,5161,12.495,13.1,12.32
2025-10-16 18:00:00,5162,12.502,13.5,12.26
2025-10-16 19:00:00,5163,12.508,13.1,12.28
2025-10-16 20:00:00,5164,12.513,13.2,12.31
2025-10-16 21:00:00,5165,12.517,13.3,12.29
2025-10-16 22:00:00,5166,12.513,13.1,12.28
2025-10-16 23:00:00,5167,12.516,13.2,12.27
2025-10-17 00:00:00,5168,12.523,13.4,12.24
2025-10-17 01:00:00,5169,12.526,13.4,12.28
2025-10-17 02:00:00,5170,12.53,13.3,12.27
2025-10-17 03:00:00,5171,12.535,13.4,12.26
2025-10-17 04:00:00,5172,12.543,13.5,12.29
2025-10-17 05:00:00,5173,12.545,13.1,12.29
2025-10-17 06:00:00,5174,12.552,13.3,12.25
2025-10-17 07:00:00,5175,12.559,13.3,12.23
2025-10-17 08:00:00,5176,12.569,13.4,12.24
2025-10-17 09:00:00,5177,12.565,13.5,12.32
2025-10-17 10:00:00,5178,12.572,13.5,12.3
2025-10-17 11:00:00,5179,12.578,13.3,12.31
2025-10-17 12:00:00,5180,12.582,13.4,12.25
2025-10-17 13:00:00,5181,12.587,13.4,12.23
2025-10-17 14:00:00,5182,12.591,13.1,12.3
2025-10-17 15:00:00,5183,12.6,13.4,12.21
2025-10-17 16:00:00,5184,12.602,13.4,12.3
2025-10-17 17:00:00,5185,12.605,13.2,12.25
2025-10-17 18:00:00,5186,12.615,13.3,12.28
2025-10-17 19:00:00,5187,12.616,13.6,12.27
2025-10-17 20:00:00,5188,12.621,13.6,12.29
2025-10-17 21:00:00,5189,12.627,13.4,12.23
2025-10-17 22:00:00,5190,12.632,13.6,12.25
2025-10-17 23:00:00,5191,12.637,13.3,12.28
2025-10-18 00:00:00,5192,12.642,13.4,12.24
2025-10-18 01:00:00,5193,12.645,13.3,12.22
2025-10-18 02:00:00,5194,12.656,13.2,12.22
2025-10-18 03:00:00,5195,12.66,13.8,12.33
2025-10-18 04:00:00,5196,12.668,13.6,12.26
2025-10-18 05:00:00,5197,12.667,13.6,12.31
2025-10-18 06:00:00,5198,12.673,13.4,12.26
2025-10-18 07:00:00,5199,12.678,13.5,12.26
2025-10-18 08:00:00,5200,12.68,13.6,12.31
2025-10-18 09:00:00,5201,12.682,13.5,12.21
2025-10-18 10:00:00,5202,12.687,13.6,12.25
2025-10-18 11:00:00,5203,12.695,13.5,12.27
2025-10-18 12:00:00,5204,12.701,13.4,12.24
2025-10-18 13:00:00,5205,12.707,13.5,12.24
2025-10-18 14:00:00,5206,12.71,13.3,12.21
2025-10-18 15:00:00,5207,12.711,13.5,12.27
2025-10-18 16:00:00,5208,12.715,13.7,12.25
2025-10-18 17:00:00,5209,12.723,13.1,12.27
2025-10-18 18:00:00,5210,12.731,13.4,12.21
2025-10-18 19:00:00,5211,12.736,13.6,12.22
2025-10-18 20:00:00,5212,12.743,13.6,12.26
2025-10-18 21:00:00,5213,12.742,13.6,12.23
2025-10-18 22:00:00,5214,12.755,13.5,12.26
2025-10-18 23:00:00,5215,12.757,13.6,12.28
2025-10-19 00:00:00,5216,12.758,13.5,12.28
2025-10-19 01:00:00,5217,12.764,13.5,12.22
2025-10-19 02:00:00,5218,12.764,13.5,12.21
2025-10-19 03:00:00,5219,12.769,13.7,12.33
2025-10-19 04:00:00,5220,12.769,13.7,12.22
2025-10-19 05:00:00,5221,12.773,13.8,12.25
2025-10-19 06:00:00,5222,12.777,13.8,12.26
2025-10-19 07:00:00,5223,12.779,13.8,12.3
2025-10-19 08:00:00,5224,12.785,13.6,12.22
2025-10-19 09:00:00,5225,12.79,13.5,12.22
2025-10-19 10:00:00,5226,12.795,13.5,12.19
2025-10-19 11:00:00,5227,12.799,13.6,12.32
2025-10-19 12:00:00,5228,12.809,13.9,12.22
2025-10-19 13:00:00,5229,12.814,13.7,12.17
2025-10-19 14:00:00,5230,12.821,13.9,12.22
2025-10-19 15:00:00,5231,12.82,13.6,12.21
2025-10-19 16:00:00,5232,12.829,13.7,12.2
2025-10-19 17:00:00,5233,12.838,13.6,12.21
2025-10-19 18:00:00,5234,12.84,13.5,12.32
2025-10-19 19:00:00,5235,12.845,13.9,12.2
2025-10-19 20:00:00,5236,12.852,13.9,12.25
2025-10-19 21:00:00,5237,12.854,13.8,12.24
2025-10-19 22:00:00,5238,12.86,13.5,12.22
2025-10-19 23:00:00,5239,12.861,13.6,12.19
2025-10-20 00:00:00,5240,12.867,13.7,12.22
2025-10-20 01:00:00,5241,12.874,13.7,12.21
2025-10-20 02:00:00,5242,12.878,13.6,12.25
2025-10-20 03:00:00,5243,12.877,13.8,12.23
2025-10-20 04:00:00,5244,12.88,13.7,12.23
2025-10-20 05:00:00,5245,12.883,13.7,12.25
2025-10-20 06:00:00,5246,12.884,14.0,12.21
2025-10-20 07:00:00,5247,12.891,13.9,12.2
2025-10-20 08:00:00,5248,12.896,13.6,12.19
2025-10-20 09:00:00,5249,12.896,13.8,12.19
2025-10-20 10:00:00,5250,12.896,13.5,12.25
2025-10-20 11:00:00,5251,12.897,13.7,12.23
2025-10-20 12:00:00,5252,12.904,13.9,12.2
2025-10-20 13:00:00,5253,12.907,13.5,12.18
2025-10-20 14:00:00,5254,12.913,13.8,12.21
2025-10-20 15:00:00,5255,12.915,13.6,12.25
2025-10-20 16:00:00,5256,12.919,13.7,12.17
2025-10-20 17:00:00,5257,12.923,13.7,12.17
2025-10-20 18:00:00,5258,12.919,13.9,12.23
2025-10-20 19:00:00,5259,12.92,13.9,12.23
2025-10-20 20:00:00,5260,12.922,14.0,12.2
2025-10-20 21:00:00,5261,12.919,14.1,12.19
2025-10-20 22:00:00,5262,12.914,14.0,12.21
2025-10-20 23:00:00,5263,12.911,13.9,12.2
2025-10-21 00:00:00,5264,12.916,14.3,12.16
2025-10-21 01:00:00,5265,12.917,13.9,12.24
2025-10-21 02:00:00,5266,12.917,14.0,12.18
2025-10-21 03:00:00,5267,12.915,13.7,12.19
2025-10-21 04:00:00,5268,12.92,14.3,12.23
2025-10-21 05:00:00,5269,12.924,14.1,12.2
2025-10-21 06:00:00,5270,12.922,14.1,12.18
2025-10-21 07:00:00,5271,12.923,14.2,12.21
2025-10-21 08:00:00,5272,12.925,14.1,12.18
2025-10-21 09:00:00,5273,12.928,14.1,12.21
2025-10-21 10:00:00,5274,12.931,14.0,12.22
2025-10-21 11:00:00,5275,12.927,13.9,12.17
2025-10-21 12:00:00,5276,12.928,13.9,12.15
2025-10-21 13:00:00,5277,12.927,14.1,12.15
2025-10-21 14:00:00,5278,12.934,14.1,12.17
2025-10-21 15:00:00,5279,12.929,14.1,12.19
2025-10-21 16:00:00,5280,12.93,14.1,12.2
2025-10-21 17:00:00,5281,12.931,14.0,12.17
2025-10-21 18:00:00,5282,12.929,14.2,12.16
2025-10-21 19:00:00,5283,12.925,14.3,12.21
2025-10-21 20:00:00,5284,12.926,14.5,12.17
2025-10-21 21:00:00,5285,12.927,14.1,12.17
2025-10-21 22:00:00,5286,12.93,14.2,12.17
2025-10-21 23:00:00,5287,12.935,14.2,12.11
2025-10-22 00:00:00,5288,12.935,14.2,12.15
2025-10-22 01:00:00,5289,12.934,14.3,12.21
2025-10-22 02:00:00,5290,12.941,14.1,12.17
2025-10-22 03:00:00,5291,12.941,14.3,12.17
2025-10-22 04:00:00,5292,12.944,14.3,12.21
2025-10-22 05:00:00,5293,12.939,14.3,12.17
2025-10-22 06:00:00,5294,12.937,14.2,12.12
2025-10-22 07:00:00,5295,12.936,14.2,12.2
2025-10-22 08:00:00,5296,12.936,14.2,12.23
2025-10-22 09:00:00,5297,12.932,14.3,12.17
2025-10-22 10:00:00,5298,12.924,14.3,12.21
2025-10-22 11:00:00,5299,12.922,14.4,12.14
2025-10-22 12:00:00,5300,12.92,14.1,12.18
2025-10-22 13:00:00,5301,12.919,14.2,12.18
2025-10-22 14:00:00,5302,12.92,14.7,12.19
2025-10-22 15:00:00,5303,12.92,14.0,12.14
2025-10-22 16:00:00,5304,12.916,14.6,12.16
2025-10-22 17:00:00,5305,12.913,14.5,12.21
2025-10-22 18:00:00,5306,12.91,14.3,12.15
2025-10-22 19:00:00,5307,12.907,14.1,12.18
2025-10-22 20:00:00,5308,12.905,14.2,12.17
2025-10-22 21:00:00,5309,12.907,14.4,12.19
2025-10-22 22:00:00,5310,12.904,14.0,12.19
2025-10-22 23:00:00,5311,12.9,14.3,12.14
2025-10-23 00:00:00,5312,12.895,14.1,12.2
2025-10-23 01:00:00,5313,12.892,14.2,12.19
2025-10-23 02:00:00,5314,12.884,14.4,12.15
2025-10-23 03:00:00,5315,12.88,14.8,12.17
2025-10-23 04:00:00,5316,12.878,14.1,12.2
2025-10-23 05:00:00,5317,12.875,14.4,12.15
2025-10-23 06:00:00,5318,12.875,14.5,12.18
2025-10-23 07:00:00,5319,12.873,14.4,12.2
2025-10-23 08:00:00,5320,12.869,14.6,12.18
2025-10-23 09:00:00,5321,12.865,14.5,12.1
2025-10-23 10:00:00,5322,12.861,14.7,12.18
2025-10-23 11:00:00,5323,12.862,14.5,12.2
2025-10-23 12:00:00,5324,12.862,14.6,12.2
2025-10-23 13:00:00,5325,12.862,14.4,12.13
2025-10-23 14:00:00,5326,12.862,14.5,12.17
2025-10-23 15:00:00,5327,12.853,14.5,12.11
2025-10-23 16:00:00,5328,12.853,14.8,12.19
2025-10-23 17:00:00,5329,12.853,14.6,12.13
2025-10-23 18:00:00,5330,12.849,14.8,12.21
2025-10-23 19:00:00,5331,12.844,14.8,12.18
2025-10-23 20:00:00,5332,12.841,14.8,12.09
2025-10-23 21:00:00,5333,12.841,14.6,12.17
2025-10-23 22:00:00,5334,12.837,14.7,12.14
2025-10-23 23:00:00,5335,12.839,14.7,12.17
2025-10-24 00:00:00,5336,12.834,14.7,12.17
2025-10-24 01:00:00,5337,12.826,14.7,12.16
2025-10-24 02:00:00,5338,12.822,14.7,12.12
2025-10-24 03:00:00,5339,12.825,14.8,12.12
2025-10-24 04:00:00,5340,12.819,14.9,12.12
2025-10-24 05:00:00,5341,12.811,14.7,12.11
2025-10-24 06:00:00,5342,12.805,14.5,12.14
2025-10-24 07:00:00,5343,12.798,14.5,12.16
2025-10-24 08:00:00,5344,12.794,14.6,12.16
2025-10-24 09:00:00,5345,12.796,14.7,12.15
2025-10-24 10:00:00,5346,12.782,14.8,12.17
2025-10-24 11:00:00,5347,12.778,14.7,12.1
2025-10-24 12:00:00,5348,12.773,14.8,12.12
2025-10-24 13:00:00,5349,12.769,14.7,12.17
2025-10-24 14:00:00,5350,12.765,14.8,12.13
2025-10-24 15:00:00,5351,12.759,14.8,12.14
2025-10-24 16:00:00,5352,12.753,14.7,12.14
2025-10-24 17:00:00,5353,12.754,14.8,12.17
2025-10-24 18:00:00,5354,12.75,15.0,12.13
2025-10-24 19:00:00,5355,12.748,15.0,12.13
2025-10-24 20:00:00,5356,12.745,14.9,12.14
2025-10-24 21:00:00,5357,12.744,14.9,12.11
2025-10-24 22:00:00,5358,12.736,14.6,12.13
2025-10-24 23:00:00,5359,12.732,15.2,12.11
2025-10-25 00:00:00,5360,12.724,15.0,12.12
2025-10-25 01:00:00,5361,12.723,14.8,12.15
2025-10-25 02:00:00,5362,12.713,15.0,12.13
2025-10-25 03:00:00,5363,12.705,14.8,12.1
2025-10-25 04:00:00,5364,12.701,14.9,12.12
2025-10-25 05:00:00,5365,12.697,14.8,12.14
2025-10-25 06:00:00,5366,12.688,14.8,12.15
2025-10-25 07:00:00,5367,12.679,14.8,12.1
2025-10-25 08:00:00,5368,12.676,14.9,12.16
2025-10-25 09:00:00,5369,12.67,14.9,12.13
2025-10-25 10:00:00,5370,12.667,15.0,12.09
2025-10-25 11:00:00,5371,12.669,15.0,12.11
2025-10-25 12:00:00,5372,12.663,14.9,12.11
2025-10-25 13:00:00,5373,12.654,15.2,12.15
2025-10-25 14:00:00,5374,12.649,15.3,12.14
2025-10-25 15:00:00,5375,12.643,15.0,12.12
2025-10-25 16:00:00,5376,12.636,15.1,12.16
2025-10-25 17:00:00,5377,12.633,14.9,12.13
2025-10-25 18:00:00,5378,12.627,15.3,12.13
2025-10-25 19:00:00,5379,12.625,15.3,12.1
2025-10-25 20:00:00,5380,12.617,15.2,12.18
2025-10-25 21:00:00,5381,12.612,15.2,12.11
2025-10-25 22:00:00,5382,12.603,15.1,12.1
2025-10-25 23:00:00,5383,12.596,15.1,12.05
2025-10-26 00:00:00,5384,12.589,15.1,12.08
2025-10-26 01:00:00,5385,12.585,15.2,12.04
2025-10-26 02:00:00,5386,12.576,15.1,12.11
2025-10-26 02:00:00,5386,12.576,15.1,12.11
2025-10-26 03:00:00,5387,12.563,15.5,12.14
2025-10-26 04:00:00,5388,12.559,15.3,12.07
2025-10-26 05:00:00,5389,12.558,15.0,12.16
2025-10-26 06:00:00,5390,12.554,15.2,12.1
2025-10-26 07:00:00,5391,12.552,15.2,12.11
2025-10-26 08:00:00,5392,12.542,15.4,12.11
2025-10-26 09:00:00,5393,12.534,15.2,12.13
2025-10-26 10:00:00,5394,12.525,15.1,12.12
2025-10-26 11:00:00,5395,12.52,15.2,12.09
2025-10-26 12:00:00,5396,12.516,15.5,12.11
2025-10-26 13:00:00,5397,12.512,15.3,12.12
2025-10-26 14:00:00,5398,12.511,15.4,12.08
2025-10-26 15:00:00,5399,12.501,15.2,12.08
2025-10-26 16:00:00,5400,12.498,15.4,12.1
2025-10-26 17:00:00,5401,12.489,15.5,12.14
2025-10-26 18:00:00,5402,12.482,15.2,12.1
2025-10-26 19:00:00,5403,12.475,15.1,12.1
2025-10-26 20:00:00,5404,12.474,15.4,12.07
2025-10-26 21:00:00,5405,12.469,15.4,12.07
2025-10-26 22:00:00,5406,12.462,15.3,12.09
2025-10-26 23:00:00,5407,12.459,15.2,12.12
2025-10-27 00:00:00,5408,12.452,15.3,12.11
2025-10-27 01:00:00,5409,12.449,15.4,12.1
2025-10-27 02:00:00,5410,12.439,15.4,12.12
2025-10-27 03:00:00,5411,12.43,15.4,12.08
2025-10-27 04:00:00,5412,12.425,15.6,12.07
2025-10-27 05:00:00,5413,12.416,15.3,12.06
2025-10-27 06:00:00,5414,12.403,15.5,12.08
2025-10-27 07:00:00,5415,12.393,15.4,12.07
2025-10-27 08:00:00,5416,12.384,15.1,12.1
2025-10-27 09:00:00,5417,12.374,15.2,12.05
2025-10-27 10:00:00,5418,12.37,15.2,12.04
2025-10-27 11:00:00,5419,12.368,15.3,12.07
2025-10-27 12:00:00,5420,12.357,15.5,12.04
2025-10-27 13:00:00,5421,12.347,15.3,12.14
2025-10-27 14:00:00,5422,12.338,15.6,12.08
2025-10-27 15:00:00,5423,12.324,15.1,12.09
2025-10-27 16:00:00,5424,12.315,15.5,12.11
2025-10-27 17:00:00,5425,12.311,15.1,12.06
2025-10-27 18:00:00,5426,12.301,15.7,12.05
2025-10-27 19:00:00,5427,12.286,15.4,12.07
2025-10-27 20:00:00,5428,12.278,15.9,12.03
2025-10-27 21:00:00,5429,12.27,15.8,12.09
2025-10-27 22:00:00,5430,12.262,15.4,12.09
2025-10-27 23:00:00,5431,12.251,15.8,12.09
2025-10-28 00:00:00,5432,12.244,15.5,12.07
2025-10-28 01:00:00,5433,12.238,15.4,12.1
2025-10-28 02:00:00,5434,12.23,15.4,12.12
2025-10-28 03:00:00,5435,12.224,15.6,12.05
2025-10-28 04:00:00,5436,12.219,15.7,12.07
2025-10-28 05:00:00,5437,12.21,15.5,12.03
2025-10-28 06:00:00,5438,12.202,15.5,12.11
2025-10-28 07:00:00,5439,12.191,15.7,12.06
2025-10-28 08:00:00,5440,12.181,15.8,12.05
2025-10-28 09:00:00,5441,12.17,15.9,12.09
2025-10-28 10:00:00,5442,12.166,15.7,12.11
2025-10-28 11:00:00,5443,12.156,15.4,12.05
2025-10-28 12:00:00,5444,12.148,15.5,12.02
2025-10-28 13:00:00,5445,12.138,15.7,12.01
2025-10-28 14:00:00,5446,12.125,15.5,12.09
2025-10-28 15:00:00,5447,12.122,15.5,12.01
2025-10-28 16:00:00,5448,12.114,15.5,12.07
2025-10-28 17:00:00,5449,12.106,15.6,12.02
2025-10-28 18:00:00,5450,12.099,15.7,12.04
2025-10-28 19:00:00,5451,12.09,15.6,12.06
2025-10-28 20:00:00,5452,12.079,15.6,12.09
2025-10-28 21:00:00,5453,12.073,15.6,12.11
2025-10-28 22:00:00,5454,12.067,15.5,12.03
2025-10-28 23:00:00,5455,12.058,15.6,12.02
2025-10-29 00:00:00,5456,12.047,15.8,12.01
2025-10-29 01:00:00,5457,12.036,15.7,12.06
2025-10-29 02:00:00,5458,12.026,15.7,12.05
2025-10-29 03:00:00,5459,12.02,15.6,12.06
2025-10-29 04:00:00,5460,12.013,15.7,12.02
2025-10-29 05:00:00,5461,11.998,15.5,12.08
2025-10-29 06:00:00,5462,11.987,15.9,12.02
2025-10-29 07:00:00,5463,11.981,15.9,12.06
2025-10-29 08:00:00,5464,11.974,15.6,12.01
2025-10-29 09:00:00,5465,11.965,15.3,12.07
2025-10-29 10:00:00,5466,11.958,15.8,12.01
2025-10-29 11:00:00,5467,11.95,15.4,12.01
2025-10-29 12:00:00,5468,11.944,15.7,12.04
2025-10-29 13:00:00,5469,11.936,15.6,11.98
2025-10-29 14:00:00,5470,11.926,16.0,12.05
2025-10-29 15:00:00,5471,11.916,15.5,12.0
2025-10-29 16:00:00,5472,11.907,15.5,12.07
2025-10-29 17:00:00,5473,11.897,15.6,12.06
2025-10-29 18:00:00,5474,11.89,15.3,12.07
2025-10-29 19:00:00,5475,11.884,15.7,12.04
2025-10-29 20:00:00,5476,11.878,15.7,12.1
2025-10-29 21:00:00,5477,11.87,15.7,12.02
2025-10-29 22:00:00,5478,11.864,15.6,12.04
2025-10-29 23:00:00,5479,11.851,15.5,12.01
2025-10-30 00:00:00,5480,11.842,15.8,12.05
2025-10-30 01:00:00,5481,11.834,15.6,12.05
2025-10-30 02:00:00,5482,11.828,15.6,12.05
2025-10-30 03:00:00,5483,11.818,15.7,12.03
2025-10-30 04:00:00,5484,11.81,15.6,12.06
2025-10-30 05:00:00,5485,11.8,15.7,12.03
2025-10-30 06:00:00,5486,11.794,15.6,12.05
2025-10-30 07:00:00,5487,11.784,15.8,12.09
2025-10-30 08:00:00,5488,11.776,16.0,12.02
2025-10-30 09:00:00,5489,11.767,15.6,11.99
2025-10-30 10:00:00,5490,11.759,15.5,12.03
2025-10-30 11:00:00,5491,11.749,15.7,12.02
2025-10-30 12:00:00,5492,11.742,15.8,12.09
2025-10-30 13:00:00,5493,11.726,15.7,12.02
2025-10-30 14:00:00,5494,11.716,15.8,12.03
2025-10-30 15:00:00,5495,11.706,15.8,12.04
2025-10-30 16:00:00,5496,11.699,15.9,12.09
2025-10-30 17:00:00,5497,11.691,16.0,12.01
2025-10-30 18:00:00,5498,11.681,15.6,12.03
2025-10-30 19:00:00,5499,11.671,15.7,12.01
2025-10-30 20:00:00,5500,11.662,15.9,12.05
2025-10-30 21:00:00,5501,11.658,15.5,11.95
2025-10-30 22:00:00,5502,11.652,15.7,12.05
2025-10-30 23:00:00,5503,11.647,15.6,12.02
2025-10-31 00:00:00,5504,11.637,15.6,12.04
2025-10-31 01:00:00,5505,11.625,15.8,12.0
2025-10-31 02:00:00,5506,11.61,15.9,12.0
2025-10-31 03:00:00,5507,11.603,15.6,12.03
2025-10-31 04:00:00,5508,11.591,15.5,12.04
2025-10-31 05:00:00,5509,11.579,15.7,12.04
2025-10-31 06:00:00,5510,11.571,15.6,12.0
2025-10-31 07:00:00,5511,11.563,15.9,12.08
2025-10-31 08:00:00,5512,11.559,15.5,12.04
2025-10-31 09:00:00,5513,11.547,15.6,12.0
2025-10-31 10:00:00,5514,11.539,15.3,11.99
2025-10-31 11:00:00,5515,11.533,15.8,12.01
2025-10-31 12:00:00,5516,11.527,15.9,11.94
2025-10-31 13:00:00,5517,11.52,15.7,12.01
2025-10-31 14:00:00,5518,11.511,15.6,12.02
2025-10-31 15:00:00,5519,11.506,15.3,12.01
2025-10-31 16:00:00,5520,11.497,15.9,11.98
2025-10-31 17:00:00,5521,11.487,15.7,12.02
2025-10-31 18:00:00,5522,11.474,15.8,12.04
2025-10-31 19:00:00,5523,11.464,15.9,12.0
2025-10-31 20:00:00,5524,11.457,15.6,11.97
2025-10-31 21:00:00,5525,11.452,15.4,12.04
2025-10-31 22:00:00,5526,11.443,15.6,12.0
2025-10-31 23:00:00,5527,11.435,15.6,11.95
2025-11-01 00:00:00,5528,11.426,15.7,12.05
2025-11-01 01:00:00,5529,11.418,15.6,11.96
2025-11-01 02:00:00,5530,11.411,15.7,12.05
2025-11-01 03:00:00,5531,11.407,15.7,12.04
2025-11-01 04:00:00,5532,11.398,15.6,11.98
2025-11-01 05:00:00,5533,11.396,15.7,11.99
2025-11-01 06:00:00,5534,11.385,15.6,11.98
2025-11-01 07:00:00,5535,11.375,15.5,12.0
2025-11-01 08:00:00,5536,11.363,15.4,12.01
2025-11-01 09:00:00,5537,11.356,15.7,12.02
2025-11-01 10:00:00,5538,11.348,15.7,11.97
2025-11-01 11:00:00,5539,11.341,15.5,11.99
2025-11-01 12:00:00,5540,11.33,15.7,11.96
2025-11-01 13:00:00,5541,11.325,15.6,11.97
2025-11-01 14:00:00,5542,11.317,15.5,12.0
2025-11-01 15:00:00,5543,11.308,15.7,12.01
2025-11-01 16:00:00,5544,11.3,15.6,11.96
2025-11-01 17:00:00,5545,11.29,15.6,12.0
2025-11-01 18:00:00,5546,11.282,15.6,12.02
2025-11-01 19:00:00,5547,11.277,15.7,11.98
2025-11-01 20:00:00,5548,11.272,15.4,11.94
2025-11-01 21:00:00,5549,11.27,15.6,11.92
2025-11-01 22:00:00,5550,11.266,15.7,11.98
2025-11-01 23:00:00,5551,11.263,15.7,12.01
2025-11-02 00:00:00,5552,11.257,15.6,11.96
2025-11-02 01:00:00,5553,11.25,15.8,11.97
2025-11-02 02:00:00,5554,11.245,15.7,11.97
2025-11-02 03:00:00,5555,11.238,15.8,11.99
2025-11-02 04:00:00,5556,11.235,15.6,11.92
2025-11-02 05:00:00,5557,11.23,15.6,11.95
2025-11-02 06:00:00,5558,11.224,15.5,11.99
2025-11-02 07:00:00,5559,11.211,15.7,11.99
2025-11-02 08:00:00,5560,11.206,15.5,11.99
2025-11-02 09:00:00,5561,11.199,15.3,11.99
2025-11-02 10:00:00,5562,11.191,15.6,11.94
2025-11-02 11:00:00,5563,11.185,15.6,12.0
2025-11-02 12:00:00,5564,11.179,15.3,12.0
2025-11-02 13:00:00,5565,11.177,15.3,11.96
2025-11-02 14:00:00,5566,-99.99,15.5,11.88
2025-11-02 15:00:00,5567,11.163,15.5,11.95
2025-11-02 16:00:00,5568,11.158,15.6,11.98
2025-11-02 17:00:00,5569,11.153,15.7,11.98
2025-11-02 18:00:00,5570,11.148,15.6,11.98
2025-11-02 19:00:00,5571,11.139,15.6,11.99
2025-11-02 20:00:00,5572,11.127,15.4,11.95
2025-11-02 21:00:00,5573,11.126,15.4,11.95
2025-11-02 22:00:00,5574,11.117,15.3,11.97
2025-11-02 23:00:00,5575,11.111,15.3,12.01
2025-11-03 00:00:00,5576,11.105,15.4,11.98
2025-11-03 01:00:00,5577,11.098,15.1,11.93
2025-11-03 02:00:00,5578,11.093,15.5,11.92
2025-11-03 03:00:00,5579,11.09,15.5,11.94
2025-11-03 04:00:00,5580,11.084,15.5,11.91
2025-11-03 05:00:00,5581,11.079,15.4,11.96
2025-11-03 06:00:00,5582,11.074,15.5,12.01
2025-11-03 07:00:00,5583,11.072,15.3,11.96
2025-11-03 08:00:00,5584,11.07,15.4,11.95
2025-11-03 09:00:00,5585,11.064,15.6,11.95
2025-11-03 10:00:00,5586,11.06,15.3,11.93
2025-11-03 11:00:00,5587,-99.99,15.3,11.88
2025-11-03 12:00:00,5588,11.052,15.5,11.92
2025-11-03 13:00:00,5589,11.049,15.3,11.93
2025-11-03 14:00:00,5590,11.039,15.2,11.95
2025-11-03 15:00:00,5591,11.033,15.4,11.92
2025-11-03 16:00:00,5592,11.034,15.1,11.94
2025-11-03 17:00:00,5593,11.031,15.2,11.9
2025-11-03 18:00:00,5594,11.023,15.3,11.92
2025-11-03 19:00:00,5595,11.014,15.3,11.97
2025-11-03 20:00:00,5596,11.006,15.1,11.93
2025-11-03 21:00:00,5597,11.004,15.5,11.99
2025-11-03 22:00:00,5598,10.999,15.2,11.93
2025-11-03 23:00:00,5599,10.988,15.5,11.99
2025-11-04 00:00:00,5600,10.986,15.0,11.93
2025-11-04 01:00:00,5601,10.979,15.3,11.97
2025-11-04 02:00:00,5602,10.974,15.2,12.0
2025-11-04 03:00:00,5603,10.968,15.2,11.95
2025-11-04 04:00:00,5604,10.964,15.3,11.91
2025-11-04 05:00:00,5605,-99.99,15.0,11.88
2025-11-04 06:00:00,5606,10.956,15.4,11.95
2025-11-04 07:00:00,5607,10.955,15.3,11.93
2025-11-04 08:00:00,5608,10.95,15.2,11.96
2025-11-04 09:00:00,5609,10.945,15.0,11.91
2025-11-04 10:00:00,5610,10.944,15.3,11.93
2025-11-04 11:00:00,5611,10.938,14.9,11.93
2025-11-04 12:00:00,5612,10.937,15.0,11.94
2025-11-04 13:00:00,5613,10.932,15.1,11.92
2025-11-04 14:00:00,5614,10.928,15.2,11.94
2025-11-04 15:00:00,5615,10.927,15.1,11.94
2025-11-04 16:00:00,5616,10.927,15.2,11.9
2025-11-04 17:00:00,5617,-99.99,15.2,11.89
2025-11-04 18:00:00,5618,10.915,15.2,11.9
2025-11-04 19:00:00,5619,10.909,15.5,11.97
2025-11-04 20:00:00,5620,10.904,15.0,11.92
2025-11-04 21:00:00,5621,10.905,15.0,11.92
2025-11-04 22:00:00,5622,10.902,15.0,11.93
2025-11-04 23:00:00,5623,10.896,14.9,11.93
2025-11-05 00:00:00,5624,10.893,15.1,11.93
2025-11-05 01:00:00,5625,-99.99,15.0,11.89
2025-11-05 02:00:00,5626,10.884,14.8,11.92
2025-11-05 03:00:00,5627,10.878,15.1,11.9
2025-11-05 04:00:00,5628,10.876,15.0,11.92
2025-11-05 05:00:00,5629,10.865,15.2,11.93
2025-11-05 06:00:00,5630,10.863,14.9,11.93
2025-11-05 07:00:00,5631,10.861,14.9,11.96
2025-11-05 08:00:00,5632,-99.99,14.9,11.87
2025-11-05 09:00:00,5633,10.847,15.1,11.93
2025-11-05 10:00:00,5634,10.845,14.9,11.91
2025-11-05 11:00:00,5635,-99.99,15.0,11.89
2025-11-05 12:00:00,5636,-99.99,15.0,11.88
2025-11-05 13:00:00,5637,10.835,15.2,11.91
2025-11-05 14:00:00,5638,10.834,15.2,11.9
2025-11-05 15:00:00,5639,10.833,14.9,11.93
2025-11-05 16:00:00,5640,-99.99,15.1,11.88
2025-11-05 17:00:00,5641,-99.99,14.9,11.84
2025-11-05 18:00:00,5642,-99.99,14.8,11.88
2025-11-05 19:00:00,5643,10.822,15.0,11.93
2025-11-05 20:00:00,5644,-99.99,14.9,11.87
2025-11-05 21:00:00,5645,10.818,14.9,11.91
2025-11-05 22:00:00,5646,10.823,15.0,11.93
2025-11-05 23:00:00,5647,-99.99,14.7,11.89
2025-11-06 00:00:00,5648,10.821,15.0,11.91
2025-11-06 01:00:00,5649,-99.99,15.1,11.86
2025-11-06 02:00:00,5650,-99.99,14.9,11.89
2025-11-06 03:00:00,5651,10.808,14.6,11.93
2025-11-06 04:00:00,5652,-99.99,15.0,11.84
2025-11-06 05:00:00,5653,10.809,14.9,11.97
2025-11-06 06:00:00,5654,10.809,14.9,11.91
2025-11-06 07:00:00,5655,-99.99,14.8,11.89
2025-11-06 08:00:00,5656,-99.99,14.5,11.85
2025-11-06 09:00:00,5657,10.814,14.7,11.92
2025-11-06 10:00:00,5658,-99.99,14.6,11.88
2025-11-06 11:00:00,5659,-99.99,14.7,11.89
2025-11-06 12:00:00,5660,-99.99,14.7,11.87
2025-11-06 13:00:00,5661,-99.99,14.6,11.89
2025-11-06 14:00:00,5662,-99.99,14.8,11.85
2025-11-06 15:00:00,5663,-99.99,14.8,11.82
2025-11-06 16:00:00,5664,10.787,14.8,11.91
2025-11-06 17:00:00,5665,-99.99,14.7,11.89
2025-11-06 18:00:00,5666,-99.99,14.7,11.86
2025-11-06 19:00:00,5667,-99.99,14.6,11.89
2025-11-06 20:00:00,5668,10.787,14.7,11.92
2025-11-06 21:00:00,5669,-99.99,14.7,11.89
2025-11-06 22:00:00,5670,-99.99,14.4,11.88
2025-11-06 23:00:00,5671,-99.99,14.6,11.89
2025-11-07 00:00:00,5672,10.793,14.7,11.91
2025-11-07 01:00:00,5673,-99.99,14.5,11.88
2025-11-07 02:00:00,5674,-99.99,14.4,11.86
2025-11-07 03:00:00,5675,-99.99,14.4,11.79
2025-11-07 04:00:00,5676,-99.99,14.7,11.84
2025-11-07 05:00:00,5677,10.791,14.6,11.93
2025-11-07 06:00:00,5678,-99.99,14.5,11.85
2025-11-07 07:00:00,5679,-99.99,14.5,11.86
2025-11-07 08:00:00,5680,-99.99,14.6,11.87
2025-11-07 09:00:00,5681,-99.99,14.6,11.88
2025-11-07 10:00:00,5682,-99.99,14.3,11.86
2025-11-07 11:00:00,5683,-99.99,14.5,11.88
2025-11-07 12:00:00,5684,10.784,14.5,11.94
2025-11-07 13:00:00,5685,10.789,14.7,11.91
2025-11-07 14:00:00,5686,10.794,14.2,11.95
2025-11-07 15:00:00,5687,-99.99,14.7,11.82
2025-11-07 16:00:00,5688,10.791,14.7,11.93
2025-11-07 17:00:00,5689,-99.99,14.3,11.85
2025-11-07 18:00:00,5690,10.798,14.6,11.9
2025-11-07 19:00:00,5691,-99.99,14.4,11.88
2025-11-07 20:00:00,5692,-99.99,14.4,11.85
2025-11-07 21:00:00,5693,-99.99,14.4,11.85
2025-11-07 22:00:00,5694,-99.99,14.2,11.86
2025-11-07 23:00:00,5695,-99.99,14.3,11.87
2025-11-08 00:00:00,5696,-99.99,14.3,11.81
2025-11-08 01:00:00,5697,-99.99,14.4,11.85
2025-11-08 02:00:00,5698,-99.99,14.3,11.83
2025-11-08 03:00:00,5699,-99.99,14.2,11.88
2025-11-08 04:00:00,5700,-99.99,14.2,11.87
2025-11-08 05:00:00,5701,10.797,14.5,11.92
2025-11-08 06:00:00,5702,-99.99,14.4,11.89
2025-11-08 07:00:00,5703,10.803,14.4,11.93
2025-11-08 08:00:00,5704,-99.99,13.9,11.88
2025-11-08 09:00:00,5705,-99.99,14.2,11.85
2025-11-08 10:00:00,5706,-99.99,14.5,11.85
2025-11-08 11:00:00,5707,-99.99,14.2,11.85
2025-11-08 12:00:00,5708,-99.99,14.3,11.87
2025-11-08 13:00:00,5709,-99.99,13.9,11.84
2025-11-08 14:00:00,5710,-99.99,14.3,11.8
2025-11-08 15:00:00,5711,-99.99,14.3,11.81
2025-11-08 16:00:00,5712,-99.99,14.0,11.85
2025-11-08 17:00:00,5713,-99.99,14.1,11.83
2025-11-08 18:00:00,5714,-99.99,14.1,11.86
2025-11-08 19:00:00,5715,-99.99,14.1,11.81
2025-11-08 20:00:00,5716,-99.99,14.3,11.86
2025-11-08 21:00:00,5717,-99.99,14.0,11.86
2025-11-08 22:00:00,5718,-99.99,14.1,11.82
2025-11-08 23:00:00,5719,-99.99,14.1,11.81
2025-11-09 00:00:00,5720,-99.99,13.8,11.84
2025-11-09 01:00:00,5721,-99.99,14.2,11.84
2025-11-09 02:00:00,5722,-99.99,14.1,11.86
2025-11-09 03:00:00,5723,-99.99,14.0,11.82
2025-11-09 04:00:00,5724,-99.99,14.0,11.82
2025-11-09 05:00:00,5725,-99.99,13.9,11.81
2025-11-09 06:00:00,5726,-99.99,14.1,11.81
2025-11-09 07:00:00,5727,-99.99,14.2,11.83
2025-11-09 08:00:00,5728,-99.99,14.1,11.84
2025-11-09 09:00:00,5729,-99.99,13.9,11.83
2025-11-09 10:00:00,5730,-99.99,13.9,11.86
2025-11-09 11:00:00,5731,-99.99,14.0,11.81
2025-11-09 12:00:00,5732,-99.99,13.9,11.88
2025-11-09 13:00:00,5733,-99.99,14.1,11.81
2025-11-09 14:00:00,5734,-99.99,13.8,11.83
2025-11-09 15:00:00,5735,-99.99,13.7,11.84
2025-11-09 16:00:00,5736,-99.99,13.9,11.81
2025-11-09 17:00:00,5737,-99.99,14.0,11.82
2025-11-09 18:00:00,5738,-99.99,14.0,11.85
2025-11-09 19:00:00,5739,-99.99,13.8,11.8
2025-11-09 20:00:00,5740,-99.99,14.0,11.84
2025-11-09 21:00:00,5741,-99.99,13.7,11.81
2025-11-09 22:00:00,5742,-99.99,14.0,11.86
2025-11-09 23:00:00,5743,-99.99,13.9,11.85
2025-11-10 00:00:00,5744,-99.99,13.8,11.87
2025-11-10 01:00:00,5745,-99.99,13.8,11.79
2025-11-10 02:00:00,5746,-99.99,13.9,11.78
2025-11-10 03:00:00,5747,-99.99,13.9,11.8
2025-11-10 04:00:00,5748,-99.99,13.7,11.85
2025-11-10 05:00:00,5749,-99.99,14.0,11.79
2025-11-10 06:00:00,5750,-99.99,14.2,11.85
2025-11-10 07:00:00,5751,-99.99,13.7,11.83
2025-11-10 08:00:00,5752,-99.99,13.5,11.8
2025-11-10 09:00:00,5753,-99.99,13.7,11.8
2025-11-10 10:00:00,5754,-99.99,13.6,11.78
2025-11-10 11:00:00,5755,-99.99,13.9,11.84
2025-11-10 12:00:00,5756,-99.99,14.0,11.81
2025-11-10 13:00:00,5757,-99.99,13.7,11.79
2025-11-10 14:00:00,5758,-99.99,13.9,11.79
2025-11-10 15:00:00,5759,-99.99,13.7,11.8
2025-11-10 16:00:00,5760,-99.99,13.8,11.79
2025-11-10 17:00:00,5761,-99.99,13.6,11.81
2025-11-10 18:00:00,5762,-99.99,13.9,11.85
2025-11-10 19:00:00,5763,-99.99,13.6,11.76
2025-11-10 20:00:00,5764,-99.99,13.8,11.87
2025-11-10 21:00:00,5765,-99.99,13.8,11.77
2025-11-10 22:00:00,5766,-99.99,13.5,11.83
2025-11-10 23:00:00,5767,-99.99,13.6,11.79
2025-11-11 00:00:00,5768,-99.99,13.9,11.81
2025-11-11 01:00:00,5769,-99.99,13.4,11.81
2025-11-11 02:00:00,5770,-99.99,13.7,11.84
2025-11-11 03:00:00,5771,-99.99,13.8,11.82
2025-11-11 04:00:00,5772,-99.99,13.6,11.86
2025-11-11 05:00:00,5773,-99.99,13.5,11.75
2025-11-11 06:00:00,5774,-99.99,13.4,11.81
2025-11-11 07:00:00,5775,-99.99,13.7,11.75
2025-11-11 08:00:00,5776,-99.99,14.0,11.81
2025-11-11 09:00:00,5777,-99.99,13.6,11.8
2025-11-11 10:00:00,5778,-99.99,13.7,11.79
2025-11-11 11:00:00,5779,-99.99,13.3,11.82
2025-11-11 12:00:00,5780,-99.99,13.6,11.76
2025-11-11 13:00:00,5781,-99.99,13.8,11.72
2025-11-11 14:00:00,5782,-99.99,13.6,11.8
2025-11-11 15:00:00,5783,-99.99,13.4,11.77
2025-11-11 16:00:00,5784,-99.99,13.3,11.78
2025-11-11 17:00:00,5785,-99.99,13.6,11.85
2025-11-11 18:00:00,5786,-99.99,13.6,11.8
2025-11-11 19:00:00,5787,-99.99,13.4,11.8
2025-11-11 20:00:00,5788,-99.99,13.5,11.75
2025-11-11 21:00:00,5789,-99.99,13.6,11.77
2025-11-11 22:00:00,5790,-99.99,13.7,11.79
2025-11-11 23:00:00,5791,-99.99,13.5,11.79
2025-11-12 00:00:00,5792,-99.99,13.4,11.83
2025-11-12 01:00:00,5793,-99.99,13.4,11.85
2025-11-12 02:00:00,5794,-99.99,13.6,11.8
2025-11-12 03:00:00,5795,-99.99,13.7,11.8
2025-11-12 04:00:00,5796,-99.99,13.7,11.84
2025-11-12 05:00:00,5797,-99.99,13.8,11.79
2025-11-12 06:00:00,5798,-99.99,13.5,11.77
2025-11-12 07:00:00,5799,-99.99,13.5,11.76
2025-11-12 08:00:00,5800,-99.99,13.4,11.83
2025-11-12 09:00:00,5801,-99.99,13.6,11.77
2025-11-12 10:00:00,5802,-99.99,13.5,11.82
2025-11-12 11:00:00,5803,-99.99,13.5,11.8
2025-11-12 12:00:00,5804,-99.99,13.3,11.74
2025-11-12 13:00:00,5805,-99.99,13.6,11.79
2025-11-12 14:00:00,5806,-99.99,13.3,11.75
2025-11-12 15:00:00,5807,-99.99,13.6,11.78
2025-11-12 16:00:00,5808,-99.99,13.8,11.78
2025-11-12 17:00:00,5809,-99.99,13.4,11.78
2025-11-12 18:00:00,5810,-99.99,13.3,11.78
2025-11-12 19:00:00,5811,-99.99,13.6,11.73
2025-11-12 20:00:00,5812,-99.99,13.2,11.85
2025-11-12 21:00:00,5813,-99.99,13.4,11.79
2025-11-12 22:00:00,5814,-99.99,13.4,11.81
2025-11-12 23:00:00,5815,-99.99,13.7,11.81
2025-11-13 00:00:00,5816,-99.99,13.4,11.79
2025-11-13 01:00:00,5817,-99.99,13.4,11.75
2025-11-13 02:00:00,5818,-99.99,13.3,11.77
2025-11-13 03:00:00,5819,-99.99,13.4,11.75
2025-11-13 04:00:00,5820,-99.99,13.5,11.77
2025-11-13 05:00:00,5821,-99.99,13.4,11.79
2025-11-13 06:00:00,5822,-99.99,13.5,11.77
2025-11-13 07:00:00,5823,-99.99,13.3,11.83
2025-11-13 08:00:00,5824,-99.99,13.5,11.74
2025-11-13 09:00:00,5825,-99.99,13.5,11.76
2025-11-13 10:00:00,5826,-99.99,13.0,11.79
2025-11-13 11:00:00,5827,-99.99,13.2,11.79
2025-11-13 12:00:00,5828,-99.99,13.4,11.75
2025-11-13 13:00:00,5829,-99.99,13.3,11.76
2025-11-13 14:00:00,5830,-99.99,13.2,11.77
2025-11-13 15:00:00,5831,-99.99,13.4,11.78
2025-11-13 16:00:00,5832,-99.99,13.5,11.78
2025-11-13 17:00:00,5833,-99.99,13.5,11.73
2025-11-13 18:00:00,5834,-99.99,13.4,11.72
2025-11-13 19:00:00,5835,-99.99,13.6,11.76
2025-11-13 20:00:00,5836,-99.99,13.3,11.75
2025-11-13 21:00:00,5837,-99.99,13.2,11.73
2025-11-13 22:00:00,5838,-99.99,13.5,11.8
2025-11-13 23:00:00,5839,-99.99,13.3,11.72
2025-11-14 00:00:00,5840,-99.99,13.2,11.76
2025-11-14 01:00:00,5841,-99.99,13.3,11.75
2025-11-14 02:00:00,5842,-99.99,13.4,11.69
2025-11-14 03:00:00,5843,-99.99,13.3,11.72
2025-11-14 04:00:00,5844,-99.99,13.5,11.71
2025-11-14 05:00:00,5845,-99.99,13.4,11.81
2025-11-14 06:00:00,5846,-99.99,13.5,11.77
2025-11-14 07:00:00,5847,-99.99,13.3,11.76
2025-11-14 08:00:00,5848,-99.99,13.3,11.76
2025-11-14 09:00:00,5849,-99.99,13.2,11.75
2025-11-14 10:00:00,5850,-99.99,13.3,11.79
2025-11-14 11:00:00,5851,-99.99,13.4,11.72
2025-11-14 12:00:00,5852,-99.99,13.4,11.71
2025-11-14 13:00:00,5853,-99.99,13.3,11.73
2025-11-14 14:00:00,5854,-99.99,13.4,11.72
2025-11-14 15:00:00,5855,-99.99,13.4,11.72
2025-11-14 16:00:00,5856,-99.99,13.2,11.75
2025-11-14 17:00:00,5857,-99.99,13.0,11.7
2025-11-14 18:00:00,5858,-99.99,13.4,11.75
2025-11-14 19:00:00,5859,-99.99,13.2,11.78
2025-11-14 20:00:00,5860,-99.99,13.4,11.72
2025-11-14 21:00:00,5861,-99.99,13.6,11.73
2025-11-14 22:00:00,5862,-99.99,13.0,11.67
2025-11-14 23:00:00,5863,-99.99,13.2,11.7
2025-11-15 00:00:00,5864,-99.99,13.1,11.73
2025-11-15 01:00:00,5865,-99.99,13.2,11.74
2025-11-15 02:00:00,5866,-99.99,13.5,11.73
2025-11-15 03:00:00,5867,-99.99,13.3,11.73
2025-11-15 04:00:00,5868,-99.99,13.2,11.74
2025-11-15 05:00:00,5869,-99.99,13.4,11.74
2025-11-15 06:00:00,5870,-99.99,13.2,11.73
2025-11-15 07:00:00,5871,-99.99,13.5,11.76
2025-11-15 08:00:00,5872,-99.99,13.5,11.73
2025-11-15 09:00:00,5873,-99.99,13.4,11.67
2025-11-15 10:00:00,5874,-99.99,13.2,11.74
2025-11-15 11:00:00,5875,-99.99,13.2,11.74
2025-11-15 12:00:00,5876,-99.99,13.0,11.71
2025-11-15 13:00:00,5877,-99.99,13.4,11.72
2025-11-15 14:00:00,5878,-99.99,13.2,11.65
2025-11-15 15:00:00,5879,-99.99,13.0,11.71
2025-11-15 16:00:00,5880,-99.99,13.2,11.77
2025-11-15 17:00:00,5881,-99.99,13.5,11.73
2025-11-15 18:00:00,5882,-99.99,13.2,11.74
2025-11-15 19:00:00,5883,-99.99,13.3,11.68
2025-11-15 20:00:00,5884,-99.99,13.3,11.74
2025-11-15 21:00:00,5885,-99.99,13.4,11.71
2025-11-15 22:00:00,5886,-99.99,13.4,11.7
2025-11-15 23:00:00,5887,-99.99,13.4,11.7
